Date,Type,Category,Amount
2025-01-01,Sale,Produce,279.6
2025-01-01,Expense,Rent,2610.02
2025-01-01,Sale,Others,540.12
2025-01-01,Sale,Meat,3269.55
2025-01-02,Sale,Produce,2656.0
2025-01-02,Sale,Dairy,532.71
2025-01-03,Sale,Produce,88.72
2025-01-03,Sale,Produce,167.34
2025-01-03,Sale,Produce,33.34
2025-01-03,Sale,Produce,360.12
2025-01-04,Expense,Taxes,302.07
2025-01-04,Sale,Produce,312.05
2025-01-04,Sale,Produce,22.49
2025-01-04,Sale,Bakery,917.84
2025-01-04,Sale,Dairy,3270.7
2025-01-04,Expense,Rent,2846.43
2025-01-04,Expense,Others,143.95
2025-01-05,Sale,Bakery,1705.65
2025-01-05,Sale,Others,308.25
2025-01-05,Sale,Produce,90.69
2025-01-05,Sale,Dairy,7722.8
2025-01-05,Sale,Produce,473.41
2025-01-06,Sale,Dairy,7704.0
2025-01-06,Sale,Bakery,77.32
2025-01-06,Sale,Produce,435.82
2025-01-06,Sale,Produce,52.35
2025-01-06,Sale,Produce,74.06
2025-01-07,Expense,Supplies,505.29
2025-01-07,Sale,Produce,3256.2
2025-01-07,Sale,Others,393.25
2025-01-07,Sale,Dairy,1516.08
2025-01-08,Sale,Meat,1470.42
2025-01-08,Sale,Meat,7035.49
2025-01-08,Sale,Meat,5072.1
2025-01-08,Sale,Produce,889.12
2025-01-08,Sale,Dairy,1060.2
2025-01-09,Sale,Produce,522.66
2025-01-09,Sale,Bakery,606.81
2025-01-09,Sale,Produce,210.0
2025-01-09,Expense,Taxes,191.87
2025-01-09,Sale,Produce,377.02
2025-01-09,Sale,Produce,279.09
2025-01-09,Sale,Produce,81.42
2025-01-10,Sale,Produce,1662.27
2025-01-10,Sale,Bakery,363.2
2025-01-10,Sale,Dairy,1327.41
2025-01-10,Sale,Produce,167.52
2025-01-11,Expense,Utilities,400.11
2025-01-11,Sale,Bakery,322.71
2025-01-11,Sale,Dairy,75.73
2025-01-11,Sale,Dairy,3229.2
2025-01-11,Sale,Others,627.33
2025-01-11,Sale,Produce,1861.92
2025-01-11,Sale,Meat,8634.06
2025-01-11,Sale,Produce,163.26
2025-01-12,Sale,Others,1597.44
2025-01-12,Sale,Produce,159.39
2025-01-12,Sale,Dairy,3007.64
2025-01-12,Sale,Others,883.45
2025-01-12,Sale,Others,601.52
2025-01-13,Sale,Bakery,407.16
2025-01-13,Sale,Bakery,182.6
2025-01-13,Sale,Others,1570.24
2025-01-13,Sale,Dairy,478.76
2025-01-14,Sale,Others,56.32
2025-01-14,Expense,Rent,2655.57
2025-01-14,Expense,Utilities,357.43
2025-01-14,Sale,Dairy,57.41
2025-01-14,Sale,Bakery,319.69
2025-01-14,Sale,Meat,4804.95
2025-01-15,Expense,Maintenance,77.77
2025-01-15,Sale,Others,1640.15
2025-01-15,Sale,Others,1136.04
2025-01-15,Sale,Others,225.45
2025-01-16,Sale,Produce,102.25
2025-01-16,Sale,Produce,54.68
2025-01-16,Expense,Utilities,576.73
2025-01-16,Sale,Meat,295.86
2025-01-16,Sale,Produce,180.04
2025-01-17,Expense,Supplies,113.22
2025-01-17,Sale,Others,1132.26
2025-01-17,Sale,Produce,82.8
2025-01-17,Sale,Bakery,515.65
2025-01-17,Sale,Meat,1443.12
2025-01-17,Sale,Bakery,553.03
2025-01-18,Expense,Utilities,313.59
2025-01-18,Sale,Others,1951.8
2025-01-18,Expense,Utilities,416.13
2025-01-18,Sale,Dairy,376.85
2025-01-18,Sale,Produce,269.6
2025-01-18,Expense,Insurance,250.9
2025-01-19,Sale,Bakery,307.38
2025-01-19,Sale,Meat,2960.36
2025-01-19,Sale,Others,1284.96
2025-01-19,Sale,Others,84.5
2025-01-19,Sale,Others,692.46
2025-01-20,Sale,Bakery,415.68
2025-01-20,Sale,Meat,714.98
2025-01-20,Sale,Produce,256.96
2025-01-20,Sale,Produce,1205.88
2025-01-21,Sale,Others,7047.72
2025-01-21,Sale,Dairy,377.1
2025-01-21,Sale,Bakery,578.79
2025-01-21,Sale,Meat,854.64
2025-01-21,Sale,Produce,85.52
2025-01-22,Sale,Dairy,374.52
2025-01-23,Sale,Meat,870.93
2025-01-23,Sale,Others,529.56
2025-01-23,Sale,Dairy,459.96
2025-01-23,Sale,Others,2499.84
2025-01-23,Sale,Produce,609.51
2025-01-23,Sale,Meat,1954.24
2025-01-23,Sale,Bakery,460.6
2025-01-23,Sale,Others,157.86
2025-01-24,Sale,Others,185.46
2025-01-24,Sale,Dairy,346.44
2025-01-24,Sale,Bakery,49.36
2025-01-24,Sale,Produce,136.9
2025-01-24,Sale,Meat,1467.24
2025-01-24,Sale,Others,1596.42
2025-01-25,Sale,Produce,50.63
2025-01-25,Expense,Marketing,944.06
2025-01-25,Sale,Bakery,339.12
2025-01-25,Sale,Bakery,653.88
2025-01-26,Sale,Dairy,1134.1
2025-01-26,Sale,Others,1885.7
2025-01-26,Sale,Bakery,5890.7
2025-01-27,Sale,Bakery,88.78
2025-01-27,Sale,Bakery,333.95
2025-01-27,Sale,Others,378.18
2025-01-27,Sale,Produce,126.78
2025-01-28,Sale,Others,188.16
2025-01-28,Sale,Bakery,371.3
2025-01-29,Expense,Rent,2671.39
2025-01-29,Sale,Others,261.36
2025-01-29,Sale,Produce,275.64
2025-01-29,Sale,Produce,65.85
2025-01-29,Sale,Bakery,463.19
2025-01-29,Sale,Meat,1044.68
2025-01-29,Sale,Produce,168.0
2025-01-30,Sale,Meat,273.84
2025-01-30,Sale,Produce,533.2
2025-01-30,Sale,Dairy,369.63
2025-01-30,Sale,Meat,1686.6
2025-01-30,Sale,Produce,202.8
2025-01-31,Sale,Produce,503.7
2025-01-31,Sale,Others,664.04
2025-01-31,Sale,Meat,2717.5
2025-01-31,Sale,Others,477.33
2025-01-31,Sale,Produce,229.6
2025-02-01,Sale,Meat,896.22
2025-02-01,Sale,Dairy,698.22
2025-02-01,Sale,Produce,81.69
2025-02-01,Sale,Dairy,282.15
2025-02-02,Sale,Produce,252.72
2025-02-02,Sale,Bakery,100.46
2025-02-02,Sale,Others,1608.03
2025-02-02,Sale,Dairy,502.88
2025-02-02,Sale,Produce,194.79
2025-02-03,Sale,Bakery,36.98
2025-02-03,Sale,Dairy,294.0
2025-02-03,Expense,Salaries,4648.77
2025-02-03,Sale,Produce,64.27
2025-02-03,Sale,Produce,327.36
2025-02-03,Sale,Meat,1537.62
2025-02-04,Sale,Produce,33.0
2025-02-04,Sale,Dairy,567.6
2025-02-04,Expense,Taxes,189.53
2025-02-04,Sale,Bakery,686.9
2025-02-04,Sale,Others,1516.8
2025-02-05,Sale,Bakery,453.24
2025-02-05,Sale,Bakery,343.45
2025-02-05,Sale,Meat,9147.24
2025-02-05,Sale,Produce,182.96
2025-02-05,Sale,Meat,286.23
2025-02-05,Sale,Dairy,1648.98
2025-02-05,Sale,Others,77.47
2025-02-06,Sale,Meat,580.14
2025-02-06,Sale,Produce,11.1
2025-02-06,Sale,Others,1467.84
2025-02-06,Sale,Meat,536.8
2025-02-07,Sale,Produce,66.13
2025-02-07,Sale,Produce,133.05
2025-02-07,Sale,Dairy,1007.91
2025-02-07,Sale,Dairy,74.61
2025-02-08,Sale,Others,114.5
2025-02-08,Sale,Dairy,235.64
2025-02-08,Sale,Others,176.58
2025-02-09,Sale,Dairy,149.92
2025-02-09,Sale,Bakery,40.56
2025-02-10,Sale,Produce,160.04
2025-02-10,Expense,Taxes,432.72
2025-02-10,Sale,Others,205.08
2025-02-11,Sale,Dairy,5029.78
2025-02-11,Sale,Others,2061.5
2025-02-11,Sale,Others,1431.6
2025-02-11,Expense,Insurance,252.21
2025-02-11,Expense,Utilities,366.58
2025-02-11,Sale,Others,212.17
2025-02-12,Sale,Produce,408.9
2025-02-12,Sale,Others,1779.5
2025-02-12,Expense,Supplies,610.59
2025-02-12,Sale,Produce,40.07
2025-02-12,Sale,Dairy,708.32
2025-02-12,Sale,Bakery,517.1
2025-02-13,Sale,Produce,436.1
2025-02-13,Expense,Salaries,4994.3
2025-02-13,Expense,Marketing,218.55
2025-02-13,Sale,Others,988.9
2025-02-14,Sale,Dairy,581.01
2025-02-14,Sale,Produce,513.45
2025-02-14,Sale,Produce,185.76
2025-02-14,Sale,Produce,2679.15
2025-02-14,Sale,Produce,254.4
2025-02-14,Sale,Others,614.2
2025-02-14,Sale,Bakery,382.08
2025-02-14,Sale,Bakery,1060.2
2025-02-14,Sale,Meat,2349.63
2025-02-14,Sale,Bakery,329.04
2025-02-14,Sale,Others,167.16
2025-02-14,Sale,Produce,1962.54
2025-02-15,Sale,Meat,1927.17
2025-02-15,Sale,Others,1097.28
2025-02-15,Sale,Others,1906.7
2025-02-15,Sale,Produce,5536.6
2025-02-15,Sale,Produce,199.14
2025-02-15,Sale,Bakery,3008.85
2025-02-16,Sale,Others,1154.76
2025-02-16,Sale,Others,236.7
2025-02-16,Sale,Meat,505.0
2025-02-16,Sale,Produce,208.1
2025-02-16,Sale,Others,212.06
2025-02-16,Sale,Produce,22.88
2025-02-16,Sale,Meat,1341.1
2025-02-17,Sale,Meat,2329.47
2025-02-17,Sale,Dairy,689.96
2025-02-17,Expense,Marketing,274.72
2025-02-17,Sale,Others,907.02
2025-02-17,Sale,Produce,80.76
2025-02-18,Sale,Dairy,1678.86
2025-02-18,Sale,Produce,516.4
2025-02-18,Sale,Bakery,705.81
2025-02-18,Expense,Salaries,4777.28
2025-02-18,Sale,Meat,2986.26
2025-02-18,Sale,Others,62.77
2025-02-18,Sale,Others,2516.61
2025-02-19,Sale,Bakery,524.48
2025-02-19,Sale,Meat,527.68
2025-02-20,Sale,Bakery,3304.92
2025-02-20,Sale,Others,658.16
2025-02-20,Sale,Bakery,288.16
2025-02-20,Expense,Insurance,222.55
2025-02-20,Sale,Produce,375.9
2025-02-21,Sale,Dairy,7188.5
2025-02-21,Sale,Meat,547.12
2025-02-21,Sale,Produce,43.64
2025-02-21,Sale,Produce,247.59
2025-02-21,Sale,Others,4145.55
2025-02-21,Sale,Meat,197.88
2025-02-21,Sale,Bakery,254.0
2025-02-21,Sale,Dairy,786.56
2025-02-22,Sale,Produce,81.56
2025-02-22,Expense,Taxes,347.42
2025-02-22,Sale,Meat,5105.5
2025-02-22,Sale,Dairy,948.24
2025-02-22,Sale,Dairy,1151.52
2025-02-22,Sale,Dairy,285.16
2025-02-22,Sale,Dairy,57.76
2025-02-23,Sale,Bakery,104.61
2025-02-23,Expense,Others,189.44
2025-02-23,Sale,Produce,392.58
2025-02-23,Sale,Bakery,3637.92
2025-02-23,Expense,Rent,2763.31
2025-02-23,Sale,Meat,2210.04
2025-02-24,Sale,Produce,240.48
2025-02-24,Sale,Bakery,247.8
2025-02-24,Sale,Meat,6504.84
2025-02-24,Sale,Bakery,655.62
2025-02-24,Sale,Meat,4952.15
2025-02-24,Sale,Produce,56.84
2025-02-24,Sale,Dairy,1119.96
2025-02-24,Sale,Meat,1084.48
2025-02-24,Sale,Others,233.0
2025-02-25,Sale,Bakery,681.66
2025-02-25,Sale,Meat,508.35
2025-02-25,Sale,Dairy,2977.65
2025-02-25,Sale,Dairy,539.7
2025-02-26,Sale,Others,287.35
2025-02-26,Sale,Dairy,4922.54
2025-02-26,Sale,Others,270.81
2025-02-26,Sale,Dairy,882.7
2025-02-27,Sale,Meat,1162.2
2025-02-27,Sale,Others,431.69
2025-02-27,Expense,Salaries,5090.1
2025-02-27,Sale,Meat,2957.32
2025-02-27,Sale,Bakery,269.44
2025-02-27,Expense,Rent,2588.99
2025-02-27,Sale,Produce,40.56
2025-02-28,Sale,Bakery,285.68
2025-02-28,Sale,Bakery,515.95
2025-03-01,Sale,Produce,53.41
2025-03-01,Sale,Produce,112.04
2025-03-01,Sale,Produce,82.76
2025-03-01,Sale,Dairy,113.84
2025-03-02,Sale,Produce,11.31
2025-03-02,Sale,Dairy,246.56
2025-03-02,Sale,Bakery,3391.14
2025-03-02,Sale,Bakery,123.84
2025-03-02,Expense,Others,98.05
2025-03-02,Sale,Produce,44.9
2025-03-02,Sale,Others,1654.6
2025-03-02,Sale,Dairy,3024.36
2025-03-03,Sale,Bakery,454.8
2025-03-03,Sale,Meat,268.38
2025-03-03,Sale,Produce,100.7
2025-03-03,Sale,Dairy,2168.25
2025-03-03,Sale,Bakery,440.79
2025-03-03,Sale,Others,749.44
2025-03-03,Sale,Others,193.9
2025-03-04,Sale,Others,292.51
2025-03-04,Sale,Dairy,1539.76
2025-03-04,Expense,Insurance,245.82
2025-03-04,Sale,Produce,508.95
2025-03-04,Sale,Dairy,1515.6
2025-03-04,Sale,Others,56.97
2025-03-05,Sale,Others,205.44
2025-03-05,Sale,Dairy,994.32
2025-03-05,Sale,Others,151.25
2025-03-05,Sale,Dairy,4584.78
2025-03-05,Sale,Dairy,2794.16
2025-03-06,Sale,Produce,410.49
2025-03-06,Sale,Produce,2118.8
2025-03-06,Sale,Meat,1432.28
2025-03-06,Sale,Others,8379.5
2025-03-07,Sale,Others,1806.0
2025-03-07,Sale,Others,2339.37
2025-03-07,Expense,Rent,2920.33
2025-03-07,Sale,Dairy,425.34
2025-03-07,Sale,Produce,84.09
2025-03-08,Sale,Meat,893.25
2025-03-08,Sale,Produce,84.66
2025-03-08,Sale,Others,982.44
2025-03-09,Sale,Bakery,150.54
2025-03-09,Sale,Dairy,584.5
2025-03-09,Sale,Bakery,357.12
2025-03-09,Sale,Produce,2693.0
2025-03-09,Sale,Bakery,615.15
2025-03-10,Sale,Bakery,918.9
2025-03-10,Sale,Dairy,783.3
2025-03-11,Sale,Produce,80.08
2025-03-11,Sale,Produce,112.24
2025-03-11,Sale,Others,308.9
2025-03-11,Sale,Dairy,2610.24
2025-03-12,Sale,Produce,868.48
2025-03-12,Sale,Produce,167.7
2025-03-12,Expense,Taxes,325.43
2025-03-12,Sale,Bakery,547.55
2025-03-13,Sale,Others,1556.96
2025-03-13,Sale,Others,539.67
2025-03-13,Sale,Produce,479.61
2025-03-13,Sale,Others,2118.8
2025-03-13,Sale,Meat,492.94
2025-03-13,Sale,Others,1609.7
2025-03-14,Sale,Bakery,333.0
2025-03-14,Sale,Dairy,1338.72
2025-03-14,Sale,Others,2183.58
2025-03-14,Expense,Rent,2828.85
2025-03-14,Sale,Others,485.73
2025-03-14,Sale,Bakery,287.04
2025-03-14,Sale,Produce,76.86
2025-03-15,Sale,Dairy,617.76
2025-03-15,Sale,Dairy,1134.72
2025-03-15,Sale,Dairy,2205.12
2025-03-16,Sale,Others,793.8
2025-03-16,Sale,Bakery,951.75
2025-03-16,Sale,Produce,34.02
2025-03-16,Expense,Utilities,392.34
2025-03-16,Sale,Others,1200.42
2025-03-16,Sale,Bakery,451.1
2025-03-16,Sale,Meat,5220.67
2025-03-17,Expense,Supplies,699.62
2025-03-17,Sale,Others,485.28
2025-03-17,Sale,Bakery,71.86
2025-03-17,Sale,Produce,170.1
2025-03-18,Sale,Meat,492.96
2025-03-18,Sale,Bakery,545.94
2025-03-19,Sale,Produce,882.16
2025-03-19,Sale,Dairy,1115.3
2025-03-19,Sale,Dairy,6056.32
2025-03-19,Expense,Salaries,4617.75
2025-03-20,Sale,Others,118.88
2025-03-20,Expense,Insurance,267.26
2025-03-20,Sale,Bakery,73.9
2025-03-20,Sale,Produce,32.96
2025-03-21,Sale,Meat,1479.12
2025-03-22,Sale,Bakery,372.69
2025-03-22,Sale,Produce,132.8
2025-03-22,Sale,Bakery,122.18
2025-03-22,Sale,Meat,6496.74
2025-03-22,Sale,Bakery,1031.0
2025-03-22,Expense,Insurance,216.41
2025-03-22,Sale,Bakery,459.62
2025-03-22,Sale,Dairy,2723.76
2025-03-23,Sale,Dairy,288.15
2025-03-23,Sale,Meat,3281.55
2025-03-24,Expense,Rent,2674.04
2025-03-24,Sale,Meat,501.95
2025-03-24,Sale,Others,75.81
2025-03-24,Sale,Bakery,572.85
2025-03-24,Expense,Utilities,464.06
2025-03-25,Sale,Produce,907.76
2025-03-25,Sale,Meat,266.48
2025-03-25,Sale,Meat,93.14
2025-03-26,Sale,Dairy,4824.4
2025-03-27,Sale,Others,231.76
2025-03-27,Sale,Dairy,1811.07
2025-03-27,Expense,Others,155.11
2025-03-27,Sale,Dairy,181.17
2025-03-27,Sale,Dairy,341.25
2025-03-27,Sale,Dairy,120.16
2025-03-27,Expense,Rent,2560.66
2025-03-27,Sale,Dairy,835.8
2025-03-27,Sale,Meat,2861.52
2025-03-28,Sale,Produce,250.3
2025-03-28,Expense,Taxes,378.64
2025-03-28,Sale,Meat,7390.53
2025-03-28,Sale,Produce,1477.77
2025-03-28,Sale,Others,212.03
2025-03-28,Sale,Dairy,891.55
2025-03-29,Sale,Dairy,382.32
2025-03-29,Sale,Others,200.27
2025-03-29,Sale,Others,557.5
2025-03-29,Sale,Produce,92.79
2025-03-29,Sale,Produce,502.0
2025-03-29,Sale,Others,318.68
2025-03-29,Sale,Meat,2442.96
2025-03-30,Sale,Others,977.05
2025-03-30,Sale,Dairy,4527.24
2025-03-30,Sale,Others,7978.3
2025-03-30,Sale,Bakery,3521.94
2025-03-30,Sale,Bakery,350.1
2025-03-30,Sale,Others,1345.82
2025-03-30,Sale,Produce,1558.97
2025-03-30,Sale,Produce,51.85
2025-03-30,Sale,Bakery,50.08
2025-03-30,Sale,Dairy,604.54
2025-03-30,Sale,Meat,694.4
2025-03-31,Sale,Meat,1958.4
2025-03-31,Sale,Bakery,233.76
2025-03-31,Sale,Meat,949.6
2025-04-01,Sale,Produce,55.16
2025-04-01,Sale,Others,1589.36
2025-04-01,Sale,Dairy,774.22
2025-04-01,Sale,Dairy,677.82
2025-04-01,Sale,Others,764.6
2025-04-01,Sale,Produce,40.76
2025-04-01,Sale,Bakery,411.92
2025-04-01,Sale,Meat,786.66
2025-04-01,Sale,Produce,187.38
2025-04-01,Sale,Others,112.44
2025-04-02,Sale,Bakery,674.1
2025-04-02,Sale,Others,1182.44
2025-04-02,Sale,Meat,2386.26
2025-04-02,Sale,Meat,249.34
2025-04-03,Sale,Produce,30.33
2025-04-03,Expense,Rent,2654.4
2025-04-03,Expense,Maintenance,284.13
2025-04-04,Sale,Others,1297.94
2025-04-04,Sale,Meat,9542.5
2025-04-04,Sale,Bakery,339.12
2025-04-04,Expense,Maintenance,112.06
2025-04-04,Sale,Dairy,2258.97
2025-04-04,Sale,Produce,414.96
2025-04-05,Sale,Others,31.95
2025-04-05,Sale,Others,1552.95
2025-04-06,Sale,Others,467.12
2025-04-06,Sale,Produce,132.78
2025-04-06,Sale,Produce,386.73
2025-04-06,Sale,Others,60.18
2025-04-06,Expense,Utilities,465.11
2025-04-06,Sale,Bakery,1146.5
2025-04-07,Sale,Others,1440.39
2025-04-07,Sale,Bakery,123.62
2025-04-08,Sale,Bakery,45.89
2025-04-08,Sale,Produce,2698.2
2025-04-08,Sale,Produce,141.75
2025-04-08,Expense,Others,79.18
2025-04-09,Sale,Dairy,370.1
2025-04-09,Sale,Bakery,408.87
2025-04-09,Sale,Dairy,3401.9
2025-04-10,Sale,Produce,113.9
2025-04-10,Sale,Bakery,109.44
2025-04-11,Sale,Others,459.06
2025-04-11,Expense,Marketing,464.05
2025-04-11,Sale,Others,442.12
2025-04-11,Sale,Dairy,897.4
2025-04-11,Sale,Others,3153.4
2025-04-12,Sale,Dairy,154.62
2025-04-12,Sale,Produce,201.04
2025-04-12,Sale,Bakery,117.84
2025-04-12,Sale,Others,1683.9
2025-04-12,Sale,Meat,404.8
2025-04-13,Sale,Produce,3374.82
2025-04-13,Sale,Dairy,143.86
2025-04-13,Sale,Produce,319.68
2025-04-13,Sale,Others,155.4
2025-04-13,Sale,Produce,155.07
2025-04-13,Expense,Rent,2873.92
2025-04-13,Sale,Bakery,276.22
2025-04-14,Sale,Produce,40.76
2025-04-14,Sale,Others,303.8
2025-04-14,Expense,Rent,2686.2
2025-04-14,Sale,Others,1360.17
2025-04-15,Sale,Bakery,444.01
2025-04-15,Sale,Produce,50.35
2025-04-15,Sale,Produce,75.18
2025-04-16,Sale,Others,1052.6
2025-04-16,Sale,Produce,82.56
2025-04-17,Sale,Meat,2629.08
2025-04-17,Expense,Utilities,527.59
2025-04-17,Sale,Bakery,341.46
2025-04-17,Sale,Dairy,2007.24
2025-04-18,Sale,Dairy,2190.23
2025-04-18,Sale,Meat,1394.45
2025-04-18,Sale,Dairy,2747.07
2025-04-18,Sale,Dairy,2121.24
2025-04-18,Sale,Produce,67.74
2025-04-18,Sale,Others,483.04
2025-04-18,Sale,Others,59.24
2025-04-18,Sale,Meat,818.25
2025-04-19,Sale,Produce,612.0
2025-04-19,Expense,Taxes,393.86
2025-04-19,Sale,Others,391.1
2025-04-19,Sale,Dairy,562.95
2025-04-20,Sale,Others,1256.8
2025-04-20,Sale,Others,949.98
2025-04-20,Sale,Bakery,4537.12
2025-04-20,Sale,Produce,151.2
2025-04-20,Expense,Rent,2988.74
2025-04-20,Sale,Bakery,305.22
2025-04-20,Sale,Dairy,886.4
2025-04-21,Sale,Bakery,4119.43
2025-04-21,Sale,Bakery,804.93
2025-04-22,Expense,Salaries,5177.4
2025-04-22,Sale,Meat,253.36
2025-04-22,Sale,Produce,1843.47
2025-04-22,Sale,Produce,91.11
2025-04-22,Sale,Meat,1923.25
2025-04-23,Expense,Insurance,268.86
2025-04-23,Sale,Produce,312.78
2025-04-23,Sale,Bakery,299.95
2025-04-23,Sale,Others,1421.04
2025-04-23,Sale,Produce,254.16
2025-04-23,Expense,Marketing,993.6
2025-04-23,Sale,Dairy,460.08
2025-04-23,Sale,Produce,240.84
2025-04-23,Sale,Meat,2085.87
2025-04-23,Sale,Meat,1052.59
2025-04-23,Sale,Meat,990.0
2025-04-24,Sale,Bakery,574.2
2025-04-24,Sale,Produce,65.55
2025-04-24,Sale,Produce,4129.68
2025-04-24,Sale,Produce,570.15
2025-04-24,Sale,Bakery,87.44
2025-04-25,Sale,Others,410.16
2025-04-25,Sale,Others,1490.08
2025-04-25,Sale,Produce,260.0
2025-04-25,Sale,Bakery,228.25
2025-04-26,Expense,Utilities,589.31
2025-04-26,Sale,Bakery,1033.5
2025-04-26,Sale,Dairy,3053.07
2025-04-26,Sale,Others,1908.0
2025-04-26,Expense,Marketing,357.41
2025-04-26,Sale,Produce,482.96
2025-04-26,Sale,Dairy,5705.2
2025-04-26,Sale,Produce,338.58
2025-04-26,Sale,Bakery,245.95
2025-04-26,Sale,Others,56.0
2025-04-26,Sale,Bakery,622.2
2025-04-27,Sale,Meat,2609.19
2025-04-27,Sale,Bakery,750.68
2025-04-27,Sale,Dairy,143.58
2025-04-27,Sale,Dairy,2243.55
2025-04-27,Sale,Bakery,112.61
2025-04-27,Sale,Bakery,479.5
2025-04-28,Expense,Utilities,551.88
2025-04-28,Sale,Others,420.65
2025-04-28,Sale,Dairy,4274.64
2025-04-28,Sale,Dairy,343.32
2025-04-28,Sale,Dairy,1109.43
2025-04-29,Sale,Produce,87.04
2025-04-29,Sale,Meat,735.59
2025-04-29,Sale,Produce,41.4
2025-04-29,Sale,Produce,113.24
2025-04-29,Sale,Others,1574.5
2025-04-29,Sale,Bakery,342.66
2025-04-29,Sale,Produce,20.2
2025-04-29,Sale,Bakery,605.97
2025-04-29,Sale,Dairy,60.33
2025-04-30,Sale,Meat,2525.3
2025-05-01,Expense,Others,112.81
2025-05-02,Sale,Dairy,429.31
2025-05-02,Sale,Produce,1036.7
2025-05-02,Sale,Meat,2892.9
2025-05-03,Sale,Others,3171.1
2025-05-03,Sale,Others,931.7
2025-05-03,Sale,Dairy,1063.44
2025-05-03,Sale,Dairy,753.0
2025-05-04,Sale,Meat,3513.65
2025-05-04,Sale,Produce,337.0
2025-05-04,Sale,Others,1212.33
2025-05-05,Sale,Dairy,1684.9
2025-05-05,Sale,Others,203.63
2025-05-05,Sale,Dairy,110.26
2025-05-05,Sale,Others,93.84
2025-05-05,Sale,Bakery,243.75
2025-05-05,Sale,Others,278.55
2025-05-06,Sale,Produce,327.9
2025-05-06,Expense,Salaries,4958.95
2025-05-06,Expense,Utilities,310.37
2025-05-06,Sale,Dairy,2361.38
2025-05-06,Sale,Meat,5466.08
2025-05-06,Sale,Produce,205.11
2025-05-06,Sale,Produce,32.26
2025-05-07,Sale,Produce,220.3
2025-05-07,Sale,Meat,1595.76
2025-05-07,Sale,Dairy,944.73
2025-05-07,Sale,Bakery,230.46
2025-05-07,Sale,Dairy,6942.87
2025-05-07,Sale,Meat,8981.28
2025-05-07,Expense,Insurance,293.4
2025-05-07,Sale,Others,578.9
2025-05-07,Sale,Bakery,204.04
2025-05-08,Sale,Produce,219.75
2025-05-09,Sale,Others,3821.15
2025-05-10,Sale,Bakery,294.21
2025-05-10,Sale,Bakery,4711.44
2025-05-10,Sale,Produce,120.51
2025-05-10,Sale,Bakery,1126.68
2025-05-11,Expense,Marketing,622.35
2025-05-11,Sale,Others,1232.07
2025-05-11,Sale,Bakery,307.7
2025-05-11,Sale,Dairy,446.4
2025-05-11,Sale,Meat,379.4
2025-05-11,Sale,Dairy,365.0
2025-05-11,Sale,Meat,8418.88
2025-05-12,Sale,Bakery,48.68
2025-05-12,Sale,Dairy,785.41
2025-05-12,Sale,Dairy,305.44
2025-05-12,Sale,Dairy,954.45
2025-05-13,Sale,Produce,169.26
2025-05-13,Sale,Produce,106.86
2025-05-14,Sale,Bakery,320.28
2025-05-14,Sale,Dairy,1834.3
2025-05-14,Sale,Others,1268.1
2025-05-14,Expense,Rent,2902.52
2025-05-14,Sale,Produce,163.32
2025-05-14,Sale,Others,1475.18
2025-05-15,Sale,Dairy,3062.43
2025-05-15,Expense,Marketing,513.51
2025-05-15,Sale,Meat,4914.15
2025-05-15,Sale,Others,636.2
2025-05-16,Sale,Others,2432.4
2025-05-16,Sale,Dairy,600.42
2025-05-16,Sale,Produce,196.47
2025-05-16,Sale,Others,178.99
2025-05-16,Sale,Dairy,481.08
2025-05-17,Sale,Produce,3969.28
2025-05-17,Sale,Produce,3720.57
2025-05-17,Expense,Maintenance,293.2
2025-05-17,Expense,Supplies,655.77
2025-05-17,Sale,Produce,222.45
2025-05-17,Sale,Bakery,2529.36
2025-05-18,Sale,Produce,504.48
2025-05-18,Sale,Others,184.74
2025-05-18,Sale,Others,192.9
2025-05-18,Sale,Others,685.84
2025-05-18,Sale,Produce,594.45
2025-05-18,Sale,Others,590.14
2025-05-19,Sale,Meat,6420.78
2025-05-19,Sale,Dairy,194.29
2025-05-19,Sale,Dairy,1682.28
2025-05-19,Expense,Maintenance,232.43
2025-05-19,Sale,Bakery,525.04
2025-05-19,Sale,Others,740.16
2025-05-19,Sale,Bakery,2303.16
2025-05-19,Sale,Dairy,5680.0
2025-05-20,Sale,Meat,2180.56
2025-05-20,Sale,Produce,351.84
2025-05-21,Sale,Others,1868.82
2025-05-21,Sale,Others,1203.48
2025-05-21,Sale,Meat,6106.77
2025-05-21,Sale,Dairy,4714.44
2025-05-21,Expense,Insurance,236.85
2025-05-22,Sale,Produce,177.94
2025-05-22,Sale,Dairy,500.64
2025-05-22,Expense,Insurance,269.64
2025-05-22,Sale,Produce,128.84
2025-05-23,Sale,Bakery,358.3
2025-05-23,Sale,Produce,2690.95
2025-05-23,Sale,Meat,7247.2
2025-05-23,Sale,Produce,247.95
2025-05-24,Sale,Dairy,2869.92
2025-05-24,Sale,Produce,322.5
2025-05-24,Expense,Supplies,216.38
2025-05-24,Sale,Others,209.09
2025-05-24,Sale,Produce,2241.2
2025-05-24,Sale,Produce,200.1
2025-05-25,Sale,Bakery,655.2
2025-05-25,Sale,Bakery,366.4
2025-05-25,Sale,Others,6159.44
2025-05-25,Sale,Others,2577.12
2025-05-25,Sale,Dairy,925.08
2025-05-25,Sale,Others,57.66
2025-05-25,Sale,Meat,503.1
2025-05-25,Sale,Produce,51.68
2025-05-25,Sale,Meat,9812.43
2025-05-26,Expense,Others,161.43
2025-05-26,Sale,Meat,2057.04
2025-05-26,Expense,Insurance,260.75
2025-05-26,Sale,Dairy,5365.78
2025-05-27,Expense,Utilities,568.04
2025-05-28,Sale,Produce,167.4
2025-05-28,Sale,Others,962.65
2025-05-28,Sale,Produce,372.18
2025-05-28,Sale,Others,622.71
2025-05-28,Sale,Dairy,71.87
2025-05-28,Sale,Others,433.51
2025-05-28,Sale,Produce,60.1
2025-05-28,Sale,Others,351.44
2025-05-28,Sale,Produce,110.64
2025-05-28,Sale,Bakery,103.51
2025-05-29,Sale,Dairy,1459.36
2025-05-29,Sale,Produce,512.1
2025-05-29,Expense,Salaries,4706.24
2025-05-29,Expense,Taxes,304.22
2025-05-29,Sale,Others,656.0
2025-05-30,Sale,Produce,2103.92
2025-05-30,Sale,Bakery,92.48
2025-05-30,Sale,Others,973.25
2025-05-30,Sale,Produce,63.09
2025-05-31,Sale,Others,2476.0
2025-05-31,Sale,Bakery,850.32
2025-05-31,Sale,Meat,2583.9
2025-05-31,Sale,Produce,2023.38
2025-05-31,Sale,Meat,639.52
2025-05-31,Sale,Bakery,113.58
2025-05-31,Sale,Others,146.0
2025-05-31,Sale,Bakery,327.33
2025-05-31,Sale,Others,1251.92
2025-06-01,Sale,Dairy,1577.4
2025-06-01,Sale,Others,1493.3
2025-06-01,Expense,Salaries,4511.79
2025-06-01,Sale,Dairy,221.4
2025-06-02,Sale,Produce,61.47
2025-06-02,Sale,Dairy,593.85
2025-06-02,Sale,Bakery,101.42
2025-06-02,Sale,Bakery,232.2
2025-06-02,Sale,Produce,201.36
2025-06-02,Sale,Produce,4571.68
2025-06-03,Sale,Others,1721.88
2025-06-03,Sale,Meat,883.35
2025-06-03,Sale,Dairy,56.79
2025-06-03,Sale,Others,696.78
2025-06-03,Sale,Others,1976.94
2025-06-03,Sale,Produce,175.68
2025-06-03,Sale,Meat,2613.4
2025-06-04,Sale,Dairy,314.29
2025-06-04,Sale,Meat,288.99
2025-06-04,Sale,Meat,6823.2
2025-06-05,Sale,Others,1422.75
2025-06-05,Sale,Meat,2547.18
2025-06-06,Sale,Others,1023.48
2025-06-06,Sale,Meat,281.52
2025-06-06,Sale,Others,187.47
2025-06-06,Sale,Others,4696.62
2025-06-06,Sale,Dairy,426.58
2025-06-06,Sale,Produce,44.1
2025-06-06,Sale,Produce,134.94
2025-06-07,Sale,Others,1693.35
2025-06-07,Sale,Dairy,364.75
2025-06-07,Sale,Produce,21.07
2025-06-07,Sale,Produce,1363.38
2025-06-07,Sale,Meat,360.44
2025-06-08,Sale,Produce,375.83
2025-06-08,Sale,Bakery,39.3
2025-06-08,Sale,Bakery,350.4
2025-06-08,Sale,Meat,2552.4
2025-06-08,Sale,Bakery,4416.32
2025-06-09,Expense,Salaries,5132.15
2025-06-09,Sale,Dairy,3399.4
2025-06-09,Expense,Rent,2763.32
2025-06-09,Sale,Dairy,3072.5
2025-06-09,Sale,Produce,431.36
2025-06-09,Sale,Bakery,502.0
2025-06-09,Sale,Others,606.4
2025-06-10,Sale,Others,578.91
2025-06-10,Sale,Meat,5937.21
2025-06-10,Sale,Produce,374.04
2025-06-10,Sale,Produce,57.26
2025-06-10,Sale,Produce,234.45
2025-06-10,Sale,Produce,34.23
2025-06-11,Sale,Meat,749.28
2025-06-11,Sale,Meat,1510.86
2025-06-11,Sale,Dairy,683.3
2025-06-11,Sale,Dairy,3342.3
2025-06-12,Sale,Dairy,626.4
2025-06-12,Sale,Others,170.88
2025-06-13,Sale,Meat,10316.9
2025-06-13,Expense,Salaries,4665.96
2025-06-13,Sale,Produce,332.35
2025-06-14,Sale,Produce,533.66
2025-06-14,Sale,Meat,1001.7
2025-06-14,Sale,Meat,1259.45
2025-06-14,Sale,Others,1219.5
2025-06-14,Sale,Meat,594.6
2025-06-14,Expense,Utilities,387.2
2025-06-15,Sale,Produce,270.55
2025-06-15,Sale,Others,176.1
2025-06-15,Sale,Produce,131.13
2025-06-15,Sale,Produce,228.6
2025-06-15,Sale,Others,186.6
2025-06-15,Sale,Produce,4905.27
2025-06-15,Sale,Others,979.8
2025-06-15,Sale,Bakery,440.2
2025-06-15,Sale,Produce,1306.5
2025-06-16,Sale,Bakery,183.4
2025-06-16,Sale,Others,295.16
2025-06-16,Expense,Insurance,278.53
2025-06-16,Sale,Bakery,411.24
2025-06-17,Sale,Others,5589.29
2025-06-17,Sale,Others,584.31
2025-06-17,Sale,Meat,1905.47
2025-06-17,Sale,Dairy,2406.24
2025-06-17,Sale,Meat,2610.1
2025-06-18,Expense,Rent,2910.45
2025-06-18,Sale,Meat,10477.4
2025-06-18,Sale,Meat,2732.84
2025-06-18,Sale,Produce,293.93
2025-06-18,Sale,Meat,9780.39
2025-06-18,Sale,Bakery,310.35
2025-06-18,Expense,Marketing,546.78
2025-06-19,Sale,Dairy,357.42
2025-06-19,Sale,Produce,51.57
2025-06-19,Sale,Dairy,567.9
2025-06-19,Sale,Meat,3924.54
2025-06-19,Sale,Bakery,608.71
2025-06-19,Sale,Bakery,133.56
2025-06-20,Sale,Dairy,3668.35
2025-06-20,Sale,Produce,75.63
2025-06-20,Sale,Produce,209.7
2025-06-20,Sale,Bakery,334.64
2025-06-20,Sale,Bakery,403.76
2025-06-20,Sale,Produce,181.92
2025-06-20,Sale,Dairy,464.22
2025-06-20,Sale,Meat,513.1
2025-06-21,Sale,Produce,3283.2
2025-06-21,Sale,Dairy,2386.86
2025-06-21,Sale,Produce,322.64
2025-06-21,Sale,Produce,435.0
2025-06-22,Sale,Bakery,140.43
2025-06-22,Sale,Bakery,509.3
2025-06-22,Sale,Dairy,457.0
2025-06-23,Expense,Utilities,575.31
2025-06-23,Expense,Taxes,316.35
2025-06-23,Sale,Produce,431.76
2025-06-23,Sale,Produce,162.0
2025-06-24,Sale,Meat,266.98
2025-06-24,Sale,Others,1692.09
2025-06-24,Expense,Maintenance,147.68
2025-06-24,Sale,Produce,286.2
2025-06-24,Sale,Bakery,313.11
2025-06-25,Expense,Maintenance,231.55
2025-06-25,Sale,Dairy,167.67
2025-06-25,Sale,Others,2570.32
2025-06-25,Sale,Bakery,521.75
2025-06-25,Sale,Others,127.48
2025-06-25,Sale,Dairy,364.1
2025-06-25,Sale,Dairy,3099.2
2025-06-26,Sale,Produce,276.85
2025-06-26,Sale,Others,1542.8
2025-06-26,Sale,Bakery,4099.69
2025-06-26,Sale,Produce,480.78
2025-06-27,Sale,Bakery,358.0
2025-06-27,Sale,Dairy,3391.0
2025-06-27,Expense,Insurance,271.65
2025-06-27,Sale,Meat,616.74
2025-06-27,Sale,Bakery,37.21
2025-06-28,Sale,Produce,99.0
2025-06-28,Sale,Produce,200.12
2025-06-28,Sale,Meat,2942.8
2025-06-29,Sale,Meat,4019.8
2025-06-29,Sale,Produce,1448.51
2025-06-30,Sale,Bakery,4396.84
2025-06-30,Sale,Dairy,3515.8
2025-06-30,Sale,Produce,2501.55
2025-06-30,Sale,Dairy,1397.72
2025-06-30,Sale,Meat,1641.36
2025-06-30,Sale,Produce,26.65
2025-06-30,Sale,Dairy,4700.7
2025-07-01,Sale,Others,2336.8
2025-07-01,Sale,Dairy,760.1
2025-07-01,Sale,Produce,1695.2
2025-07-01,Expense,Utilities,490.47
2025-07-01,Expense,Salaries,4469.23
2025-07-01,Sale,Dairy,1896.66
2025-07-01,Sale,Dairy,320.65
2025-07-02,Sale,Meat,2463.1
2025-07-02,Sale,Others,689.4
2025-07-02,Sale,Others,113.24
2025-07-02,Sale,Others,93.54
2025-07-02,Sale,Meat,5892.48
2025-07-03,Sale,Produce,25.14
2025-07-03,Sale,Meat,731.58
2025-07-03,Sale,Meat,9394.83
2025-07-03,Sale,Others,5975.9
2025-07-03,Sale,Produce,388.01
2025-07-04,Sale,Bakery,3449.88
2025-07-04,Sale,Dairy,1084.23
2025-07-05,Sale,Dairy,57.86
2025-07-05,Expense,Taxes,496.43
2025-07-05,Sale,Others,1028.4
2025-07-05,Sale,Meat,2010.18
2025-07-05,Expense,Supplies,703.33
2025-07-05,Sale,Dairy,301.5
2025-07-05,Expense,Marketing,766.35
2025-07-05,Sale,Produce,222.3
2025-07-05,Sale,Dairy,3156.04
2025-07-06,Sale,Produce,312.6
2025-07-06,Sale,Produce,337.86
2025-07-06,Sale,Produce,42.87
2025-07-06,Sale,Meat,1422.24
2025-07-06,Sale,Produce,415.9
2025-07-06,Sale,Bakery,226.95
2025-07-06,Sale,Bakery,390.6
2025-07-07,Sale,Produce,98.01
2025-07-07,Sale,Produce,5083.29
2025-07-08,Expense,Insurance,240.69
2025-07-08,Sale,Others,621.42
2025-07-08,Sale,Bakery,975.87
2025-07-08,Sale,Produce,168.0
2025-07-08,Sale,Produce,180.27
2025-07-09,Sale,Others,1505.46
2025-07-09,Sale,Produce,139.55
2025-07-09,Sale,Others,331.44
2025-07-09,Sale,Others,1295.07
2025-07-09,Sale,Dairy,390.74
2025-07-10,Sale,Produce,153.7
2025-07-10,Sale,Dairy,413.56
2025-07-10,Sale,Produce,64.5
2025-07-11,Expense,Salaries,4684.5
2025-07-11,Sale,Dairy,2513.28
2025-07-11,Sale,Produce,224.28
2025-07-11,Sale,Meat,1172.24
2025-07-11,Expense,Taxes,464.86
2025-07-11,Sale,Others,775.6
2025-07-11,Sale,Dairy,120.9
2025-07-11,Sale,Others,625.76
2025-07-12,Sale,Others,5792.71
2025-07-12,Sale,Meat,7231.5
2025-07-13,Sale,Bakery,211.88
2025-07-13,Sale,Meat,1133.52
2025-07-13,Sale,Produce,264.15
2025-07-13,Expense,Insurance,266.78
2025-07-14,Sale,Others,5522.93
2025-07-14,Sale,Meat,291.27
2025-07-14,Sale,Dairy,705.3
2025-07-14,Expense,Maintenance,176.91
2025-07-14,Expense,Insurance,257.25
2025-07-15,Expense,Supplies,394.98
2025-07-15,Sale,Bakery,886.8
2025-07-15,Expense,Taxes,175.09
2025-07-15,Sale,Dairy,112.38
2025-07-16,Sale,Others,61.59
2025-07-16,Expense,Marketing,764.81
2025-07-16,Sale,Meat,2301.76
2025-07-16,Sale,Produce,639.5
2025-07-16,Sale,Others,317.44
2025-07-16,Sale,Produce,169.08
2025-07-16,Sale,Bakery,410.94
2025-07-16,Sale,Meat,2256.39
2025-07-17,Sale,Dairy,1374.03
2025-07-17,Sale,Others,120.36
2025-07-17,Sale,Meat,2423.3
2025-07-18,Sale,Produce,1227.78
2025-07-18,Sale,Produce,4208.24
2025-07-18,Sale,Produce,227.5
2025-07-18,Sale,Produce,505.08
2025-07-18,Sale,Others,2641.12
2025-07-18,Sale,Bakery,481.39
2025-07-19,Sale,Bakery,716.66
2025-07-19,Sale,Meat,102.08
2025-07-20,Sale,Others,1599.84
2025-07-20,Sale,Dairy,6316.47
2025-07-21,Sale,Produce,50.85
2025-07-21,Sale,Bakery,596.61
2025-07-21,Sale,Others,604.24
2025-07-21,Sale,Others,7854.5
2025-07-21,Sale,Dairy,2436.64
2025-07-22,Sale,Dairy,1131.84
2025-07-22,Sale,Bakery,200.1
2025-07-22,Sale,Dairy,606.5
2025-07-22,Sale,Produce,253.17
2025-07-22,Sale,Others,590.82
2025-07-22,Sale,Meat,530.56
2025-07-23,Sale,Meat,651.84
2025-07-23,Sale,Produce,26.78
2025-07-23,Sale,Others,59.05
2025-07-24,Sale,Dairy,1674.7
2025-07-24,Expense,Taxes,334.62
2025-07-24,Sale,Bakery,330.9
2025-07-24,Sale,Dairy,629.01
2025-07-24,Sale,Produce,2122.72
2025-07-24,Sale,Produce,82.18
2025-07-24,Sale,Bakery,319.6
2025-07-25,Sale,Others,938.4
2025-07-25,Sale,Meat,468.45
2025-07-25,Sale,Dairy,187.74
2025-07-25,Sale,Dairy,334.2
2025-07-25,Sale,Others,1233.76
2025-07-25,Sale,Produce,79.29
2025-07-26,Sale,Produce,2824.45
2025-07-26,Expense,Taxes,279.76
2025-07-26,Sale,Bakery,367.36
2025-07-26,Sale,Produce,267.5
2025-07-27,Expense,Rent,2619.6
2025-07-27,Sale,Bakery,616.01
2025-07-27,Sale,Produce,106.9
2025-07-27,Expense,Marketing,431.34
2025-07-28,Sale,Others,487.44
2025-07-28,Expense,Taxes,175.68
2025-07-28,Sale,Others,5522.79
2025-07-28,Sale,Others,57.7
2025-07-29,Sale,Dairy,248.52
2025-07-29,Sale,Others,170.46
2025-07-29,Sale,Others,173.4
2025-07-30,Sale,Produce,74.62
2025-07-30,Sale,Others,285.39
2025-07-30,Sale,Meat,2168.56
2025-07-30,Sale,Produce,21.64
2025-07-30,Sale,Others,3168.0
2025-07-30,Sale,Produce,155.94
2025-07-30,Sale,Dairy,968.4
2025-07-30,Sale,Meat,680.82
2025-07-30,Sale,Bakery,148.56
2025-07-31,Sale,Bakery,122.34
2025-07-31,Sale,Produce,68.82
2025-07-31,Sale,Produce,271.26
2025-07-31,Sale,Dairy,182.85
2025-07-31,Sale,Dairy,1074.96
2025-08-01,Sale,Produce,87.06
2025-08-01,Sale,Bakery,163.24
2025-08-01,Expense,Marketing,323.07
2025-08-01,Sale,Produce,379.26
2025-08-01,Sale,Dairy,348.54
2025-08-02,Sale,Others,969.2
2025-08-02,Sale,Others,416.62
2025-08-02,Sale,Bakery,38.6
2025-08-02,Sale,Dairy,1068.84
2025-08-02,Expense,Maintenance,79.38
2025-08-03,Sale,Dairy,1062.0
2025-08-03,Sale,Dairy,1288.88
2025-08-03,Sale,Produce,244.53
2025-08-03,Sale,Dairy,695.58
2025-08-03,Sale,Bakery,1086.7
2025-08-03,Sale,Others,441.91
2025-08-03,Sale,Meat,2407.14
2025-08-04,Sale,Meat,1438.95
2025-08-04,Sale,Produce,3532.48
2025-08-04,Sale,Others,593.67
2025-08-04,Sale,Others,753.89
2025-08-04,Sale,Others,3295.12
2025-08-04,Sale,Others,408.59
2025-08-04,Sale,Produce,169.17
2025-08-04,Sale,Produce,305.94
2025-08-04,Sale,Meat,3089.22
2025-08-04,Sale,Others,969.3
2025-08-04,Sale,Produce,1242.54
2025-08-04,Expense,Salaries,4047.07
2025-08-05,Sale,Meat,2688.5
2025-08-05,Sale,Meat,2488.77
2025-08-05,Sale,Others,1422.4
2025-08-05,Sale,Produce,41.96
2025-08-06,Expense,Utilities,331.35
2025-08-06,Sale,Bakery,112.98
2025-08-06,Sale,Others,6007.05
2025-08-06,Sale,Bakery,300.54
2025-08-06,Sale,Meat,732.25
2025-08-07,Sale,Bakery,4996.72
2025-08-07,Sale,Others,2779.83
2025-08-07,Sale,Dairy,1687.41
2025-08-07,Sale,Produce,160.64
2025-08-07,Sale,Others,632.88
2025-08-07,Expense,Marketing,510.67
2025-08-07,Sale,Others,477.96
2025-08-07,Sale,Meat,3972.96
2025-08-07,Sale,Meat,798.63
2025-08-07,Sale,Meat,2486.1
2025-08-07,Sale,Meat,1367.2
2025-08-07,Sale,Others,561.15
2025-08-08,Sale,Bakery,1766.4
2025-08-08,Expense,Rent,2623.9
2025-08-08,Sale,Dairy,283.85
2025-08-08,Sale,Bakery,186.16
2025-08-10,Sale,Others,470.4
2025-08-10,Sale,Produce,190.5
2025-08-10,Sale,Produce,55.08
2025-08-10,Sale,Dairy,560.97
2025-08-10,Sale,Dairy,218.13
2025-08-11,Sale,Bakery,570.4
2025-08-11,Sale,Others,426.4
2025-08-11,Expense,Rent,2957.13
2025-08-11,Sale,Dairy,600.22
2025-08-11,Sale,Produce,282.2
2025-08-11,Sale,Produce,4425.36
2025-08-11,Expense,Rent,2702.99
2025-08-12,Sale,Dairy,120.79
2025-08-12,Sale,Produce,273.24
2025-08-13,Sale,Produce,450.03
2025-08-13,Sale,Others,3314.08
2025-08-13,Sale,Dairy,363.86
2025-08-13,Sale,Produce,54.54
2025-08-13,Sale,Produce,56.91
2025-08-14,Sale,Others,184.35
2025-08-14,Sale,Produce,165.76
2025-08-15,Sale,Bakery,49.21
2025-08-15,Sale,Produce,317.0
2025-08-15,Sale,Produce,647.7
2025-08-15,Sale,Meat,413.48
2025-08-15,Sale,Meat,1325.4
2025-08-15,Sale,Produce,164.04
2025-08-16,Expense,Salaries,4418.82
2025-08-16,Sale,Dairy,1582.32
2025-08-16,Sale,Bakery,37.63
2025-08-16,Expense,Rent,2622.99
2025-08-17,Sale,Dairy,168.87
2025-08-17,Sale,Produce,126.86
2025-08-17,Sale,Bakery,157.96
2025-08-17,Expense,Insurance,282.46
2025-08-17,Sale,Meat,408.6
2025-08-17,Expense,Maintenance,203.14
2025-08-18,Sale,Produce,91.56
2025-08-18,Expense,Insurance,217.28
2025-08-18,Sale,Others,247.86
2025-08-18,Sale,Others,173.7
2025-08-18,Sale,Produce,256.8
2025-08-19,Expense,Marketing,443.19
2025-08-19,Expense,Rent,2514.31
2025-08-19,Sale,Produce,192.71
2025-08-19,Expense,Maintenance,292.58
2025-08-20,Expense,Insurance,209.14
2025-08-20,Sale,Meat,6918.8
2025-08-20,Sale,Meat,803.94
2025-08-20,Expense,Salaries,4359.18
2025-08-20,Sale,Produce,26.73
2025-08-20,Sale,Others,1239.12
2025-08-20,Sale,Produce,102.8
2025-08-20,Expense,Others,38.34
2025-08-21,Expense,Utilities,520.69
2025-08-22,Sale,Bakery,235.8
2025-08-22,Sale,Produce,85.6
2025-08-23,Sale,Produce,1087.74
2025-08-23,Sale,Dairy,2801.32
2025-08-23,Sale,Bakery,120.57
2025-08-23,Sale,Bakery,40.17
2025-08-24,Sale,Meat,914.5
2025-08-24,Sale,Produce,147.56
2025-08-24,Expense,Salaries,5342.98
2025-08-25,Sale,Produce,90.56
2025-08-25,Sale,Bakery,210.06
2025-08-25,Sale,Produce,90.81
2025-08-25,Sale,Produce,657.9
2025-08-26,Sale,Dairy,354.65
2025-08-26,Sale,Bakery,513.85
2025-08-26,Sale,Others,602.3
2025-08-26,Sale,Others,226.84
2025-08-26,Sale,Produce,165.28
2025-08-26,Sale,Others,4237.05
2025-08-27,Sale,Others,591.03
2025-08-27,Sale,Produce,326.4
2025-08-27,Sale,Dairy,185.11
2025-08-28,Sale,Produce,263.2
2025-08-28,Expense,Rent,2638.69
2025-08-28,Sale,Dairy,1833.7
2025-08-28,Sale,Dairy,6678.54
2025-08-28,Expense,Salaries,5129.47
2025-08-28,Sale,Produce,174.32
2025-08-28,Sale,Others,1692.7
2025-08-29,Expense,Rent,2764.16
2025-08-29,Sale,Meat,6192.42
2025-08-29,Sale,Produce,91.6
2025-08-29,Sale,Others,768.88
2025-08-29,Expense,Marketing,508.08
2025-08-30,Sale,Bakery,332.65
2025-08-30,Sale,Others,1583.82
2025-08-30,Expense,Utilities,587.62
2025-08-31,Sale,Produce,263.15
2025-08-31,Sale,Bakery,140.67
2025-08-31,Sale,Bakery,565.92
2025-08-31,Sale,Produce,415.76
2025-09-01,Sale,Produce,388.99
2025-09-01,Sale,Others,114.32
2025-09-01,Sale,Bakery,3996.65
2025-09-01,Sale,Dairy,2607.92
2025-09-01,Sale,Produce,196.08
2025-09-01,Sale,Produce,417.84
2025-09-01,Sale,Bakery,636.48
2025-09-01,Sale,Bakery,312.9
2025-09-01,Sale,Bakery,627.27
2025-09-02,Expense,Maintenance,97.09
2025-09-02,Sale,Produce,81.04
2025-09-02,Sale,Dairy,2782.28
2025-09-02,Sale,Produce,88.24
2025-09-03,Sale,Produce,191.87
2025-09-03,Sale,Bakery,616.5
2025-09-03,Sale,Meat,8569.68
2025-09-03,Sale,Dairy,492.59
2025-09-03,Sale,Produce,25.24
2025-09-03,Sale,Meat,1655.82
2025-09-03,Sale,Dairy,1902.78
2025-09-04,Sale,Meat,502.7
2025-09-04,Sale,Produce,422.84
2025-09-04,Sale,Produce,659.49
2025-09-04,Sale,Others,258.48
2025-09-05,Sale,Dairy,873.11
2025-09-05,Sale,Others,86.91
2025-09-05,Sale,Meat,2681.04
2025-09-05,Sale,Bakery,349.76
2025-09-05,Sale,Produce,131.52
2025-09-05,Sale,Produce,171.5
2025-09-06,Sale,Meat,4142.04
2025-09-06,Sale,Produce,179.97
2025-09-06,Sale,Produce,252.08
2025-09-06,Sale,Meat,2137.71
2025-09-07,Sale,Produce,272.6
2025-09-07,Sale,Dairy,370.17
2025-09-07,Sale,Others,83.85
2025-09-07,Sale,Dairy,282.68
2025-09-07,Sale,Bakery,367.28
2025-09-08,Sale,Bakery,350.0
2025-09-08,Sale,Others,245.94
2025-09-08,Sale,Produce,377.01
2025-09-09,Sale,Others,216.72
2025-09-09,Sale,Meat,1127.2
2025-09-09,Sale,Others,1884.8
2025-09-09,Sale,Produce,200.4
2025-09-09,Sale,Bakery,3626.34
2025-09-09,Sale,Bakery,202.3
2025-09-10,Sale,Meat,2066.94
2025-09-10,Sale,Meat,7184.17
2025-09-10,Sale,Bakery,361.53
2025-09-10,Sale,Produce,3200.58
2025-09-10,Sale,Others,563.43
2025-09-11,Sale,Bakery,347.36
2025-09-11,Sale,Dairy,2784.69
2025-09-11,Sale,Others,313.32
2025-09-11,Sale,Bakery,185.8
2025-09-12,Sale,Dairy,912.96
2025-09-12,Sale,Dairy,76.73
2025-09-13,Sale,Produce,412.24
2025-09-13,Sale,Bakery,453.88
2025-09-13,Sale,Bakery,135.2
2025-09-13,Sale,Dairy,1469.94
2025-09-13,Sale,Others,750.36
2025-09-14,Sale,Dairy,927.52
2025-09-14,Sale,Produce,460.32
2025-09-14,Sale,Produce,627.39
2025-09-14,Sale,Produce,101.16
2025-09-14,Sale,Meat,2220.87
2025-09-14,Sale,Bakery,247.03
2025-09-14,Expense,Marketing,578.34
2025-09-15,Sale,Bakery,617.49
2025-09-15,Sale,Bakery,411.2
2025-09-15,Sale,Bakery,391.0
2025-09-16,Sale,Produce,445.28
2025-09-16,Sale,Bakery,297.6
2025-09-16,Sale,Produce,57.23
2025-09-16,Sale,Others,161.63
2025-09-16,Sale,Bakery,180.48
2025-09-16,Sale,Meat,6539.94
2025-09-16,Sale,Others,208.32
2025-09-16,Sale,Others,274.14
2025-09-16,Sale,Produce,125.13
2025-09-16,Expense,Salaries,4800.87
2025-09-16,Sale,Others,255.76
2025-09-17,Sale,Produce,1003.1
2025-09-17,Sale,Dairy,690.96
2025-09-17,Sale,Dairy,2381.47
2025-09-17,Sale,Meat,1012.56
2025-09-17,Sale,Meat,197.4
2025-09-18,Sale,Others,675.92
2025-09-18,Sale,Bakery,35.4
2025-09-18,Sale,Produce,22.07
2025-09-18,Sale,Meat,1931.6
2025-09-19,Sale,Others,220.24
2025-09-19,Sale,Others,178.26
2025-09-19,Sale,Produce,370.56
2025-09-19,Expense,Utilities,490.57
2025-09-19,Sale,Bakery,186.55
2025-09-20,Sale,Dairy,563.1
2025-09-20,Sale,Dairy,502.16
2025-09-20,Sale,Produce,248.72
2025-09-20,Sale,Others,235.77
2025-09-21,Sale,Meat,2299.95
2025-09-21,Sale,Dairy,229.74
2025-09-21,Sale,Bakery,210.42
2025-09-21,Sale,Others,1946.6
2025-09-21,Sale,Bakery,132.06
2025-09-21,Sale,Bakery,191.05
2025-09-21,Sale,Produce,40.52
2025-09-21,Sale,Bakery,50.71
2025-09-21,Sale,Meat,890.82
2025-09-22,Sale,Produce,1806.48
2025-09-22,Expense,Salaries,5418.38
2025-09-22,Sale,Dairy,1642.23
2025-09-22,Sale,Dairy,698.4
2025-09-22,Sale,Others,876.24
2025-09-22,Sale,Produce,291.6
2025-09-22,Sale,Meat,780.0
2025-09-22,Sale,Dairy,1616.85
2025-09-22,Sale,Bakery,712.95
2025-09-22,Sale,Bakery,81.26
2025-09-22,Sale,Others,4165.9
2025-09-23,Sale,Produce,125.6
2025-09-23,Expense,Insurance,291.89
2025-09-23,Sale,Produce,159.85
2025-09-23,Expense,Others,173.77
2025-09-23,Sale,Produce,152.13
2025-09-23,Sale,Produce,1228.62
2025-09-23,Sale,Dairy,1519.36
2025-09-24,Sale,Dairy,3448.0
2025-09-24,Sale,Dairy,437.01
2025-09-25,Sale,Bakery,3488.76
2025-09-25,Sale,Produce,127.52
2025-09-25,Sale,Bakery,5623.2
2025-09-26,Sale,Meat,492.8
2025-09-26,Sale,Others,307.44
2025-09-27,Sale,Others,811.64
2025-09-27,Sale,Others,1442.72
2025-09-27,Sale,Others,180.16
2025-09-27,Sale,Meat,277.92
2025-09-28,Expense,Maintenance,222.09
2025-09-28,Sale,Others,839.3
2025-09-28,Sale,Produce,10.57
2025-09-29,Expense,Supplies,778.02
2025-09-29,Sale,Dairy,933.3
2025-09-30,Sale,Bakery,6265.9
2025-09-30,Expense,Salaries,5012.07
2025-09-30,Sale,Produce,376.67
2025-09-30,Expense,Supplies,272.99
2025-10-01,Sale,Produce,3604.86
2025-10-02,Sale,Others,504.24
2025-10-02,Sale,Bakery,211.85
2025-10-02,Sale,Others,814.75
2025-10-02,Sale,Others,637.89
2025-10-02,Expense,Supplies,203.19
2025-10-03,Sale,Others,1684.35
2025-10-03,Sale,Bakery,299.22
2025-10-03,Sale,Bakery,1072.0
2025-10-03,Sale,Dairy,561.55
2025-10-03,Sale,Produce,2628.0
2025-10-03,Sale,Bakery,197.28
2025-10-03,Sale,Others,151.02
2025-10-04,Sale,Others,1967.3
2025-10-04,Sale,Bakery,885.36
2025-10-04,Expense,Insurance,253.74
2025-10-04,Sale,Others,3017.8
2025-10-04,Sale,Bakery,5263.74
2025-10-04,Expense,Marketing,255.74
2025-10-04,Expense,Others,96.38
2025-10-05,Expense,Others,85.18
2025-10-05,Sale,Dairy,2814.39
2025-10-05,Sale,Produce,233.17
2025-10-05,Sale,Produce,134.52
2025-10-05,Sale,Others,240.64
2025-10-05,Sale,Bakery,136.3
2025-10-06,Sale,Dairy,847.98
2025-10-06,Sale,Dairy,57.27
2025-10-06,Sale,Dairy,730.84
2025-10-06,Sale,Produce,175.0
2025-10-06,Sale,Produce,3362.16
2025-10-07,Sale,Produce,41.7
2025-10-07,Sale,Produce,100.4
2025-10-07,Sale,Produce,1684.71
2025-10-07,Expense,Maintenance,193.63
2025-10-07,Sale,Produce,280.9
2025-10-07,Sale,Others,2588.48
2025-10-07,Sale,Others,587.12
2025-10-07,Sale,Bakery,419.6
2025-10-07,Sale,Dairy,142.58
2025-10-08,Sale,Others,1165.74
2025-10-08,Sale,Others,332.52
2025-10-08,Sale,Dairy,1690.35
2025-10-08,Sale,Bakery,1069.6
2025-10-08,Sale,Dairy,511.0
2025-10-09,Sale,Dairy,1769.4
2025-10-09,Sale,Produce,251.76
2025-10-09,Sale,Dairy,725.3
2025-10-10,Sale,Others,447.28
2025-10-10,Sale,Bakery,72.3
2025-10-10,Sale,Bakery,134.7
2025-10-10,Sale,Produce,130.18
2025-10-10,Sale,Produce,5168.97
2025-10-11,Sale,Bakery,459.8
2025-10-11,Sale,Others,303.0
2025-10-11,Sale,Meat,1002.03
2025-10-11,Expense,Maintenance,140.56
2025-10-11,Expense,Others,40.67
2025-10-12,Sale,Produce,121.52
2025-10-13,Expense,Marketing,803.28
2025-10-13,Sale,Bakery,642.6
2025-10-13,Sale,Dairy,3933.95
2025-10-14,Sale,Bakery,362.94
2025-10-14,Sale,Bakery,322.47
2025-10-14,Sale,Others,173.34
2025-10-14,Sale,Others,4015.1
2025-10-14,Sale,Produce,307.32
2025-10-14,Sale,Produce,150.06
2025-10-15,Sale,Dairy,170.22
2025-10-15,Sale,Others,691.65
2025-10-15,Sale,Others,406.9
2025-10-15,Sale,Produce,171.36
2025-10-16,Sale,Dairy,352.26
2025-10-16,Sale,Produce,1113.4
2025-10-16,Sale,Meat,1091.32
2025-10-16,Sale,Produce,21.25
2025-10-17,Sale,Others,746.76
2025-10-17,Sale,Others,300.0
2025-10-17,Sale,Produce,205.2
2025-10-17,Sale,Bakery,149.28
2025-10-17,Sale,Dairy,881.45
2025-10-17,Sale,Produce,2087.6
2025-10-18,Sale,Produce,53.19
2025-10-18,Sale,Bakery,41.33
2025-10-18,Sale,Meat,403.36
2025-10-18,Sale,Others,364.58
2025-10-18,Sale,Bakery,450.52
2025-10-19,Sale,Bakery,323.65
2025-10-19,Expense,Insurance,287.48
2025-10-19,Expense,Salaries,4405.96
2025-10-19,Sale,Bakery,67.32
2025-10-20,Expense,Utilities,459.62
2025-10-20,Sale,Dairy,1185.78
2025-10-20,Sale,Bakery,289.56
2025-10-20,Sale,Meat,784.35
2025-10-20,Sale,Produce,363.24
2025-10-21,Sale,Produce,1809.52
2025-10-21,Expense,Rent,2984.17
2025-10-21,Sale,Bakery,2899.15
2025-10-21,Sale,Produce,125.54
2025-10-21,Sale,Others,515.07
2025-10-22,Sale,Others,292.55
2025-10-22,Sale,Produce,433.02
2025-10-22,Sale,Dairy,751.4
2025-10-22,Sale,Produce,2661.55
2025-10-22,Sale,Dairy,3059.2
2025-10-22,Sale,Produce,2063.61
2025-10-22,Sale,Bakery,109.94
2025-10-23,Sale,Meat,6220.35
2025-10-23,Sale,Others,1685.97
2025-10-23,Expense,Rent,2871.07
2025-10-23,Sale,Bakery,268.14
2025-10-23,Sale,Bakery,37.47
2025-10-24,Sale,Others,1147.14
2025-10-24,Sale,Others,1265.88
2025-10-24,Sale,Bakery,469.8
2025-10-24,Sale,Dairy,982.8
2025-10-24,Sale,Others,1403.2
2025-10-24,Sale,Produce,271.71
2025-10-24,Sale,Others,3185.0
2025-10-24,Expense,Marketing,259.19
2025-10-25,Sale,Bakery,671.52
2025-10-25,Sale,Dairy,2322.39
2025-10-25,Sale,Dairy,394.08
2025-10-25,Sale,Others,570.7
2025-10-26,Sale,Meat,568.06
2025-10-26,Sale,Others,1301.09
2025-10-26,Sale,Dairy,1923.54
2025-10-26,Sale,Dairy,1303.04
2025-10-26,Sale,Others,230.34
2025-10-26,Sale,Dairy,117.36
2025-10-26,Sale,Others,196.7
2025-10-27,Sale,Produce,2118.64
2025-10-27,Sale,Dairy,59.63
2025-10-28,Sale,Dairy,143.96
2025-10-28,Expense,Rent,2848.8
2025-10-28,Sale,Produce,66.3
2025-10-28,Expense,Taxes,301.59
2025-10-28,Sale,Produce,1005.48
2025-10-28,Expense,Others,186.13
2025-10-29,Sale,Meat,3939.56
2025-10-29,Sale,Others,943.62
2025-10-29,Sale,Produce,179.36
2025-10-29,Expense,Rent,2952.25
2025-10-29,Sale,Bakery,37.9
2025-10-29,Sale,Bakery,4472.08
2025-10-30,Sale,Produce,257.45
2025-10-31,Sale,Dairy,367.7
2025-10-31,Sale,Produce,570.1
2025-10-31,Sale,Produce,76.44
2025-11-01,Sale,Produce,41.36
2025-11-01,Sale,Meat,2867.56
2025-11-01,Sale,Bakery,214.16
2025-11-01,Sale,Bakery,121.28
2025-11-01,Sale,Meat,878.4
2025-11-01,Sale,Produce,162.4
2025-11-01,Sale,Others,113.2
2025-11-01,Sale,Others,3056.1
2025-11-01,Sale,Others,779.3
2025-11-01,Sale,Bakery,349.02
2025-11-02,Sale,Bakery,124.86
2025-11-02,Expense,Salaries,5476.79
2025-11-02,Sale,Produce,128.1
2025-11-02,Sale,Bakery,131.3
2025-11-03,Sale,Others,303.88
2025-11-03,Sale,Dairy,3144.32
2025-11-04,Expense,Supplies,530.89
2025-11-04,Sale,Others,1551.12
2025-11-04,Sale,Produce,351.96
2025-11-04,Sale,Produce,249.57
2025-11-05,Sale,Meat,2154.64
2025-11-05,Sale,Others,7562.3
2025-11-06,Sale,Produce,60.92
2025-11-06,Expense,Insurance,298.71
2025-11-06,Sale,Dairy,397.46
2025-11-06,Sale,Produce,104.0
2025-11-06,Sale,Dairy,1574.54
2025-11-06,Sale,Produce,200.4
2025-11-06,Sale,Produce,535.52
2025-11-06,Sale,Produce,63.8
2025-11-07,Sale,Produce,86.24
2025-11-07,Sale,Bakery,356.09
2025-11-08,Sale,Dairy,665.88
2025-11-08,Sale,Bakery,605.04
2025-11-08,Expense,Maintenance,260.31
2025-11-08,Expense,Supplies,664.93
2025-11-08,Sale,Others,3263.0
2025-11-09,Sale,Bakery,185.32
2025-11-09,Sale,Produce,679.77
2025-11-09,Sale,Dairy,1620.95
2025-11-09,Sale,Others,1169.4
2025-11-10,Sale,Others,1357.58
2025-11-10,Expense,Salaries,5072.96
2025-11-10,Sale,Produce,154.44
2025-11-11,Sale,Others,184.71
2025-11-11,Sale,Meat,734.4
2025-11-11,Sale,Meat,295.41
2025-11-11,Sale,Produce,187.56
2025-11-12,Sale,Dairy,464.32
2025-11-12,Sale,Produce,120.9
2025-11-12,Sale,Bakery,1138.1
2025-11-12,Sale,Meat,526.02
2025-11-12,Sale,Others,1044.65
2025-11-12,Sale,Others,243.76
2025-11-12,Sale,Meat,544.88
2025-11-13,Sale,Bakery,48.25
2025-11-13,Sale,Meat,547.44
2025-11-13,Sale,Others,7870.8
2025-11-13,Sale,Others,963.65
2025-11-13,Sale,Dairy,3065.7
2025-11-13,Sale,Dairy,138.54
2025-11-14,Sale,Others,380.44
2025-11-14,Sale,Produce,271.05
2025-11-14,Sale,Dairy,1423.36
2025-11-14,Sale,Meat,660.31
2025-11-14,Sale,Dairy,627.48
2025-11-14,Sale,Produce,1533.07
2025-11-14,Sale,Produce,153.75
2025-11-15,Sale,Meat,1094.04
2025-11-15,Sale,Bakery,450.1
2025-11-16,Sale,Others,298.3
2025-11-16,Sale,Produce,139.3
2025-11-16,Sale,Others,1143.94
2025-11-16,Sale,Meat,4683.98
2025-11-17,Sale,Others,157.0
2025-11-17,Sale,Dairy,491.44
2025-11-17,Sale,Bakery,267.47
2025-11-17,Expense,Others,157.39
2025-11-17,Sale,Others,348.12
2025-11-17,Sale,Produce,1698.8
2025-11-17,Sale,Others,248.52
2025-11-18,Sale,Bakery,137.61
2025-11-18,Sale,Others,1940.76
2025-11-18,Sale,Dairy,1102.92
2025-11-18,Expense,Marketing,230.62
2025-11-18,Expense,Others,157.27
2025-11-19,Sale,Bakery,65.79
2025-11-19,Sale,Bakery,381.2
2025-11-19,Expense,Marketing,246.39
2025-11-20,Sale,Produce,185.4
2025-11-20,Sale,Bakery,1030.0
2025-11-21,Sale,Bakery,81.5
2025-11-21,Sale,Bakery,411.4
2025-11-21,Sale,Produce,57.0
2025-11-21,Sale,Others,594.57
2025-11-22,Sale,Meat,10380.5
2025-11-22,Sale,Others,959.22
2025-11-22,Sale,Others,807.15
2025-11-22,Sale,Produce,102.04
2025-11-22,Sale,Dairy,6947.19
2025-11-22,Sale,Others,6992.46
2025-11-22,Sale,Dairy,1709.55
2025-11-23,Sale,Dairy,1590.55
2025-11-23,Sale,Meat,6800.8
2025-11-23,Sale,Others,320.64
2025-11-23,Sale,Bakery,1030.5
2025-11-24,Sale,Produce,212.1
2025-11-24,Sale,Meat,1381.6
2025-11-24,Sale,Produce,333.2
2025-11-24,Sale,Meat,5597.76
2025-11-24,Sale,Meat,2183.68
2025-11-25,Expense,Supplies,211.69
2025-11-25,Sale,Dairy,1134.18
2025-11-25,Sale,Produce,155.85
2025-11-25,Sale,Dairy,699.6
2025-11-25,Sale,Dairy,1847.88
2025-11-25,Sale,Bakery,622.4
2025-11-26,Sale,Bakery,274.32
2025-11-26,Sale,Produce,282.2
2025-11-26,Sale,Produce,133.38
2025-11-26,Sale,Produce,459.52
2025-11-26,Expense,Marketing,814.45
2025-11-26,Sale,Bakery,321.86
2025-11-26,Sale,Produce,266.56
2025-11-26,Sale,Produce,340.14
2025-11-26,Sale,Produce,30.83
2025-11-27,Sale,Dairy,2261.84
2025-11-27,Sale,Bakery,443.6
2025-11-27,Sale,Bakery,818.96
2025-11-28,Sale,Meat,6660.7
2025-11-28,Sale,Produce,121.44
2025-11-28,Sale,Others,576.9
2025-11-28,Sale,Others,231.32
2025-11-28,Sale,Dairy,412.44
2025-11-28,Sale,Produce,123.48
2025-11-28,Expense,Taxes,322.89
2025-11-28,Sale,Produce,306.06
2025-11-28,Sale,Others,400.94
2025-11-29,Sale,Bakery,131.79
2025-11-29,Expense,Marketing,844.2
2025-11-29,Sale,Others,383.94
2025-11-29,Sale,Produce,414.64
2025-11-29,Sale,Produce,1323.42
2025-11-29,Sale,Dairy,1062.12
2025-11-29,Sale,Others,157.3
2025-11-29,Sale,Dairy,359.82
2025-11-30,Expense,Rent,2757.13
2025-11-30,Sale,Produce,308.7
2025-11-30,Sale,Bakery,351.33
2025-11-30,Sale,Produce,371.84
2025-12-01,Sale,Bakery,75.92
2025-12-01,Sale,Bakery,324.45
2025-12-01,Sale,Produce,85.92
2025-12-01,Sale,Meat,551.22
2025-12-02,Sale,Meat,286.23
2025-12-02,Sale,Meat,1357.0
2025-12-03,Sale,Others,987.1
2025-12-03,Sale,Others,146.9
2025-12-03,Sale,Others,986.9
2025-12-04,Sale,Produce,53.15
2025-12-04,Sale,Produce,20.24
2025-12-04,Expense,Marketing,401.94
2025-12-04,Sale,Others,747.54
2025-12-04,Sale,Produce,64.54
2025-12-04,Sale,Meat,2302.56
2025-12-05,Sale,Others,558.74
2025-12-05,Sale,Others,965.75
2025-12-05,Sale,Others,1766.6
2025-12-05,Sale,Bakery,581.76
2025-12-05,Sale,Bakery,3855.11
2025-12-05,Sale,Meat,656.67
2025-12-05,Sale,Produce,208.2
2025-12-06,Sale,Others,247.12
2025-12-06,Sale,Produce,241.96
2025-12-06,Sale,Bakery,2364.32
2025-12-07,Sale,Produce,613.23
2025-12-07,Sale,Bakery,518.05
2025-12-07,Sale,Dairy,116.16
2025-12-07,Sale,Others,1494.0
2025-12-07,Sale,Others,667.64
2025-12-07,Sale,Bakery,717.64
2025-12-08,Sale,Dairy,668.58
2025-12-08,Sale,Produce,336.96
2025-12-08,Sale,Bakery,246.8
2025-12-08,Sale,Meat,5216.05
2025-12-08,Sale,Others,562.89
2025-12-08,Sale,Produce,106.32
2025-12-08,Sale,Meat,4992.82
2025-12-08,Sale,Others,315.88
2025-12-09,Sale,Others,321.5
2025-12-09,Sale,Others,8351.7
2025-12-09,Sale,Produce,370.65
2025-12-09,Sale,Meat,736.81
2025-12-10,Sale,Dairy,1500.7
2025-12-10,Sale,Meat,2244.78
2025-12-10,Sale,Produce,215.4
2025-12-10,Sale,Bakery,540.8
2025-12-10,Sale,Others,1627.1
2025-12-11,Expense,Salaries,4919.39
2025-12-11,Sale,Produce,172.05
2025-12-11,Sale,Produce,280.0
2025-12-11,Expense,Marketing,264.58
2025-12-11,Sale,Produce,1789.2
2025-12-12,Sale,Others,387.66
2025-12-12,Sale,Produce,184.23
2025-12-12,Sale,Produce,481.39
2025-12-12,Sale,Meat,610.68
2025-12-12,Sale,Others,628.08
2025-12-13,Sale,Produce,104.44
2025-12-13,Sale,Produce,517.6
2025-12-13,Sale,Dairy,3629.9
2025-12-13,Sale,Meat,1924.23
2025-12-14,Sale,Meat,2473.92
2025-12-14,Expense,Rent,2742.23
2025-12-14,Sale,Meat,8835.39
2025-12-14,Sale,Dairy,497.7
2025-12-14,Sale,Meat,3957.04
2025-12-15,Sale,Dairy,585.55
2025-12-16,Sale,Produce,33.03
2025-12-16,Sale,Others,2551.6
2025-12-16,Sale,Meat,7432.88
2025-12-16,Sale,Produce,123.54
2025-12-16,Sale,Dairy,422.73
2025-12-17,Sale,Others,593.08
2025-12-17,Sale,Meat,980.94
2025-12-17,Sale,Dairy,1131.0
2025-12-18,Sale,Produce,239.12
2025-12-18,Sale,Meat,3556.9
2025-12-18,Sale,Bakery,509.3
2025-12-18,Sale,Produce,102.84
2025-12-19,Sale,Others,1598.1
2025-12-19,Sale,Bakery,349.68
2025-12-19,Sale,Dairy,1545.5
2025-12-19,Sale,Produce,99.0
2025-12-19,Sale,Others,60.6
2025-12-19,Sale,Produce,343.92
2025-12-19,Sale,Others,2560.11
2025-12-19,Sale,Others,948.3
2025-12-20,Sale,Meat,1399.86
2025-12-20,Sale,Bakery,1027.71
2025-12-20,Expense,Insurance,230.4
2025-12-21,Sale,Others,1690.65
2025-12-21,Sale,Produce,66.12
2025-12-21,Sale,Others,258.33
2025-12-22,Sale,Produce,54.56
2025-12-22,Sale,Produce,53.67
2025-12-22,Sale,Dairy,762.68
2025-12-22,Sale,Meat,1070.03
2025-12-22,Sale,Others,95.37
2025-12-23,Expense,Insurance,286.18
2025-12-23,Sale,Dairy,668.9
2025-12-23,Sale,Others,1462.79
2025-12-23,Sale,Dairy,2101.68
2025-12-24,Sale,Produce,91.24
2025-12-24,Sale,Dairy,380.6
2025-12-24,Sale,Bakery,594.79
2025-12-24,Sale,Bakery,420.84
2025-12-24,Sale,Dairy,3342.7
2025-12-24,Sale,Produce,495.63
2025-12-24,Sale,Bakery,115.8
2025-12-25,Sale,Produce,54.35
2025-12-25,Sale,Produce,452.34
2025-12-25,Sale,Others,169.86
2025-12-25,Sale,Dairy,169.92
2025-12-26,Sale,Produce,218.6
2025-12-26,Sale,Produce,68.66
2025-12-26,Sale,Others,177.84
2025-12-26,Sale,Produce,182.32
2025-12-26,Sale,Produce,419.04
2025-12-26,Sale,Others,1596.78
2025-12-26,Sale,Produce,2234.4
2025-12-27,Sale,Dairy,472.84
2025-12-27,Sale,Bakery,412.5
2025-12-27,Sale,Bakery,3329.76
2025-12-28,Sale,Bakery,298.0
2025-12-28,Sale,Produce,141.0
2025-12-28,Sale,Produce,287.2
2025-12-28,Sale,Produce,442.19
2025-12-28,Sale,Bakery,199.05
2025-12-28,Sale,Others,518.58
2025-12-29,Sale,Meat,9538.8
2025-12-29,Sale,Others,229.92
2025-12-29,Sale,Meat,4436.1
2025-12-29,Sale,Bakery,106.67
2025-12-29,Sale,Produce,54.37
2025-12-29,Sale,Produce,1830.32
2025-12-30,Sale,Dairy,352.2
2025-12-30,Sale,Meat,2164.5
2025-12-30,Sale,Others,345.88
2025-12-30,Sale,Bakery,86.6
2025-12-31,Sale,Dairy,3512.6
2025-12-31,Sale,Bakery,238.5
2025-12-31,Sale,Produce,465.99
2025-12-31,Sale,Meat,1010.08
2025-12-31,Sale,Bakery,180.4
2025-12-31,Sale,Meat,363.56
2025-12-31,Sale,Meat,640.01
2025-12-31,Sale,Others,555.12
2025-12-31,Sale,Meat,1046.4
2025-12-31,Sale,Meat,796.96
2026-01-01,Sale,Produce,89.4
2026-01-01,Sale,Others,1577.12
2026-01-01,Expense,Salaries,5294.01
2026-01-01,Sale,Produce,94.5
2026-01-02,Sale,Others,312.2
2026-01-02,Sale,Dairy,154.14
2026-01-02,Expense,Supplies,156.67
2026-01-02,Sale,Meat,7066.3
2026-01-02,Sale,Produce,404.96
2026-01-03,Sale,Others,214.34
2026-01-03,Sale,Dairy,3171.3
2026-01-03,Sale,Produce,85.32
2026-01-03,Sale,Bakery,5449.86
2026-01-04,Sale,Others,28.55
2026-01-04,Sale,Produce,251.6
2026-01-04,Sale,Dairy,71.91
2026-01-04,Sale,Bakery,45.83
2026-01-04,Sale,Produce,1835.68
2026-01-05,Sale,Produce,45.72
2026-01-05,Sale,Bakery,234.55
2026-01-05,Sale,Dairy,3147.76
2026-01-05,Sale,Produce,200.5
2026-01-05,Sale,Bakery,5355.45
2026-01-06,Sale,Produce,362.48
2026-01-06,Sale,Others,1756.9
2026-01-06,Sale,Bakery,248.65
2026-01-06,Sale,Bakery,945.0
2026-01-06,Sale,Dairy,229.02
2026-01-06,Sale,Others,2080.5
2026-01-07,Sale,Dairy,770.98
2026-01-07,Sale,Produce,844.2
2026-01-07,Sale,Dairy,6927.21
2026-01-07,Expense,Supplies,261.26
2026-01-07,Sale,Meat,532.28
2026-01-08,Sale,Dairy,1668.25
2026-01-08,Sale,Produce,85.92
2026-01-08,Sale,Produce,82.72
2026-01-09,Sale,Produce,2020.52
2026-01-09,Sale,Others,83.17
2026-01-09,Sale,Others,1426.32
2026-01-09,Sale,Others,61.4
2026-01-10,Sale,Produce,1543.08
2026-01-10,Sale,Produce,194.61
2026-01-10,Sale,Meat,799.32
2026-01-10,Sale,Bakery,225.78
2026-01-11,Sale,Produce,44.44
2026-01-11,Sale,Meat,853.56
2026-01-11,Sale,Produce,199.43
2026-01-11,Sale,Meat,2452.95
2026-01-11,Sale,Dairy,3721.2
2026-01-11,Sale,Others,1124.52
2026-01-11,Sale,Others,318.9
2026-01-11,Sale,Produce,40.98
2026-01-11,Expense,Maintenance,153.83
2026-01-11,Sale,Others,624.88
2026-01-12,Sale,Produce,315.49
2026-01-12,Sale,Dairy,143.76
2026-01-12,Sale,Produce,41.62
2026-01-12,Sale,Dairy,1400.21
2026-01-12,Sale,Bakery,215.32
2026-01-12,Sale,Bakery,304.25
2026-01-13,Sale,Others,5403.23
2026-01-13,Sale,Produce,169.92
2026-01-13,Sale,Meat,183.46
2026-01-13,Sale,Meat,274.59
2026-01-13,Sale,Others,592.7
2026-01-14,Expense,Maintenance,258.33
2026-01-14,Sale,Meat,1320.2
2026-01-14,Sale,Bakery,283.44
2026-01-14,Sale,Produce,301.5
2026-01-14,Sale,Produce,689.49
2026-01-14,Sale,Meat,504.14
2026-01-15,Sale,Meat,1339.5
2026-01-15,Sale,Bakery,614.6
2026-01-15,Sale,Produce,448.24
2026-01-15,Sale,Produce,283.14
2026-01-15,Sale,Produce,52.54
2026-01-15,Sale,Others,2534.08
2026-01-15,Sale,Produce,486.88
2026-01-16,Sale,Bakery,364.8
2026-01-16,Sale,Produce,1497.51
2026-01-16,Expense,Rent,2812.57
2026-01-16,Sale,Produce,56.29
2026-01-16,Sale,Bakery,130.26
2026-01-16,Expense,Taxes,430.92
2026-01-17,Sale,Produce,4930.29
2026-01-17,Sale,Others,5718.02
2026-01-17,Sale,Meat,1781.64
2026-01-17,Sale,Produce,30.81
2026-01-17,Sale,Bakery,739.69
2026-01-17,Sale,Dairy,497.52
2026-01-18,Sale,Produce,1717.14
2026-01-18,Sale,Others,306.9
2026-01-18,Sale,Bakery,111.33
2026-01-18,Sale,Others,162.1
2026-01-18,Sale,Others,182.72
2026-01-18,Sale,Bakery,1062.1
2026-01-18,Expense,Marketing,951.83
2026-01-19,Sale,Meat,2028.4
2026-01-19,Expense,Utilities,491.84
2026-01-19,Sale,Dairy,153.76
2026-01-19,Sale,Bakery,602.9
2026-01-19,Sale,Dairy,610.8
2026-01-20,Sale,Dairy,2396.87
2026-01-20,Sale,Produce,66.56
2026-01-20,Sale,Produce,21.68
2026-01-21,Sale,Bakery,404.76
2026-01-21,Sale,Produce,122.04
2026-01-22,Sale,Dairy,5762.88
2026-01-22,Sale,Bakery,3017.15
2026-01-22,Expense,Salaries,5462.31
2026-01-22,Sale,Meat,1473.9
2026-01-22,Sale,Meat,1003.24
2026-01-23,Sale,Meat,1408.85
2026-01-23,Sale,Produce,1098.65
2026-01-24,Sale,Produce,200.07
2026-01-24,Sale,Bakery,878.56
2026-01-24,Sale,Others,1728.72
2026-01-24,Sale,Dairy,1030.5
2026-01-24,Sale,Others,92.4
2026-01-25,Sale,Meat,1861.58
2026-01-25,Sale,Others,3231.1
2026-01-25,Sale,Others,249.56
2026-01-25,Sale,Produce,521.92
2026-01-25,Sale,Produce,42.56
2026-01-26,Sale,Bakery,240.72
2026-01-26,Sale,Bakery,501.9
2026-01-27,Sale,Others,1660.94
2026-01-27,Expense,Supplies,590.17
2026-01-27,Sale,Produce,201.48
2026-01-27,Sale,Others,1652.42
2026-01-27,Sale,Bakery,310.65
2026-01-27,Sale,Bakery,402.9
2026-01-27,Sale,Others,1401.44
2026-01-28,Sale,Bakery,205.53
2026-01-28,Expense,Insurance,287.8
2026-01-28,Sale,Others,1394.26
2026-01-28,Sale,Dairy,1899.42
2026-01-29,Sale,Others,850.0
2026-01-29,Sale,Produce,258.1
2026-01-29,Expense,Salaries,4668.82
2026-01-29,Sale,Others,1232.7
2026-01-30,Sale,Produce,186.12
2026-01-30,Sale,Produce,33.36
2026-01-30,Expense,Maintenance,102.27
2026-01-30,Sale,Others,721.71
2026-01-30,Sale,Dairy,787.92
2026-01-30,Sale,Others,379.6
2026-01-30,Sale,Produce,134.16
2026-01-30,Sale,Dairy,444.76
2026-02-01,Sale,Meat,991.14
2026-02-01,Sale,Meat,1767.06
2026-02-01,Sale,Produce,129.18
2026-02-01,Sale,Bakery,418.5
2026-02-02,Expense,Others,174.21
2026-02-02,Sale,Others,199.15
2026-02-02,Sale,Produce,512.5
2026-02-02,Sale,Dairy,1086.12
2026-02-03,Sale,Dairy,563.05
2026-02-03,Sale,Bakery,124.28
2026-02-03,Sale,Meat,1569.3
2026-02-03,Expense,Taxes,187.1
2026-02-04,Sale,Bakery,249.3
2026-02-04,Sale,Others,2264.61
2026-02-04,Sale,Dairy,820.26
2026-02-04,Sale,Produce,1303.02
2026-02-04,Sale,Produce,142.35
2026-02-04,Sale,Produce,626.79
2026-02-05,Sale,Dairy,836.99
2026-02-05,Sale,Dairy,2825.73
2026-02-05,Sale,Produce,50.01
2026-02-05,Sale,Dairy,1504.16
2026-02-05,Expense,Salaries,4608.39
2026-02-05,Sale,Bakery,188.64
2026-02-05,Sale,Others,2518.8
2026-02-06,Sale,Bakery,428.68
2026-02-06,Sale,Others,1690.96
2026-02-07,Sale,Produce,514.1
2026-02-07,Sale,Dairy,68.88
2026-02-08,Sale,Bakery,156.36
2026-02-08,Sale,Bakery,199.4
2026-02-08,Expense,Marketing,569.35
2026-02-08,Sale,Dairy,75.63
2026-02-08,Sale,Dairy,155.18
2026-02-09,Sale,Produce,106.1
2026-02-09,Sale,Dairy,142.2
2026-02-09,Sale,Bakery,136.08
2026-02-09,Sale,Others,4545.96
2026-02-09,Sale,Bakery,347.2
2026-02-10,Sale,Meat,767.68
2026-02-10,Expense,Maintenance,125.86
2026-02-10,Sale,Others,1570.52
2026-02-10,Sale,Produce,76.89
2026-02-10,Sale,Produce,246.16
2026-02-10,Sale,Produce,218.45
2026-02-10,Sale,Bakery,4658.56
2026-02-10,Expense,Utilities,377.16
2026-02-11,Sale,Dairy,1230.16
2026-02-11,Sale,Dairy,1052.37
2026-02-11,Sale,Produce,678.54
2026-02-11,Sale,Produce,198.31
2026-02-11,Sale,Dairy,4531.38
2026-02-11,Sale,Bakery,600.03
2026-02-11,Sale,Produce,261.36
2026-02-11,Sale,Produce,332.8
2026-02-11,Sale,Bakery,5369.58
2026-02-11,Sale,Meat,1606.74
2026-02-12,Sale,Bakery,80.36
2026-02-12,Sale,Produce,342.32
2026-02-12,Sale,Dairy,247.56
2026-02-12,Sale,Bakery,228.85
2026-02-12,Sale,Others,511.92
2026-02-12,Sale,Produce,482.88
2026-02-12,Sale,Bakery,107.61
2026-02-12,Sale,Others,192.3
2026-02-13,Sale,Produce,633.5
2026-02-13,Sale,Produce,310.24
2026-02-13,Sale,Produce,62.52
2026-02-13,Sale,Produce,444.92
2026-02-14,Sale,Meat,2861.7
2026-02-14,Sale,Produce,1097.26
2026-02-14,Expense,Taxes,227.21
2026-02-14,Sale,Meat,513.72
2026-02-15,Sale,Produce,191.43
2026-02-15,Sale,Produce,639.75
2026-02-15,Sale,Dairy,1419.12
2026-02-15,Sale,Bakery,99.2
2026-02-15,Sale,Meat,275.35
2026-02-16,Sale,Bakery,126.2
2026-02-16,Expense,Taxes,467.77
2026-02-16,Expense,Supplies,730.43
2026-02-17,Sale,Others,1252.86
2026-02-17,Expense,Marketing,566.09
2026-02-17,Sale,Bakery,1129.7
2026-02-17,Sale,Produce,61.92
2026-02-17,Sale,Others,311.84
2026-02-17,Sale,Bakery,586.44
2026-02-17,Sale,Dairy,1254.0
2026-02-17,Expense,Insurance,240.63
2026-02-17,Sale,Produce,1698.32
2026-02-17,Sale,Bakery,233.1
2026-02-17,Sale,Produce,113.45
2026-02-17,Sale,Produce,110.1
2026-02-18,Sale,Bakery,198.65
2026-02-18,Sale,Produce,42.35
2026-02-18,Sale,Produce,1606.5
2026-02-18,Sale,Others,743.4
2026-02-18,Sale,Bakery,119.28
2026-02-18,Sale,Produce,50.7
2026-02-18,Sale,Others,1372.98
2026-02-19,Sale,Meat,94.48
2026-02-19,Sale,Produce,26.49
2026-02-20,Sale,Others,1203.72
2026-02-20,Sale,Meat,2635.56
2026-02-20,Sale,Bakery,477.2
2026-02-20,Sale,Others,1429.54
2026-02-20,Sale,Bakery,155.64
2026-02-21,Sale,Produce,278.28
2026-02-21,Sale,Produce,28.39
2026-02-21,Sale,Dairy,4730.52
2026-02-22,Sale,Meat,406.84
2026-02-22,Sale,Bakery,89.24
2026-02-22,Sale,Dairy,182.17
2026-02-22,Expense,Salaries,5016.17
2026-02-22,Expense,Insurance,296.84
2026-02-22,Sale,Produce,53.59
2026-02-23,Sale,Others,974.52
2026-02-23,Sale,Dairy,3363.5
2026-02-24,Sale,Others,157.2
2026-02-24,Sale,Produce,60.78
2026-02-24,Sale,Others,55.14
2026-02-25,Sale,Others,62.28
2026-02-25,Sale,Bakery,41.43
2026-02-25,Sale,Bakery,35.09
2026-02-25,Sale,Dairy,193.55
2026-02-25,Expense,Others,135.68
2026-02-25,Sale,Produce,213.57
2026-02-25,Sale,Produce,579.15
2026-02-25,Sale,Meat,2022.72
2026-02-25,Sale,Others,1158.66
2026-02-25,Sale,Others,81.86
2026-02-25,Sale,Meat,2351.6
2026-02-25,Sale,Bakery,665.2
2026-02-25,Sale,Others,4811.22
2026-02-26,Sale,Bakery,102.28
2026-02-26,Sale,Dairy,1118.6
2026-02-26,Sale,Produce,165.04
2026-02-26,Expense,Salaries,4907.68
2026-02-26,Sale,Meat,98.02
